dataset,subset_id,split,path,exists,bytes,sha256,row_count,unique_id_count,unique_image_count,unique_record_count,format_error_count,missing_image_count
vqa-rad,0,train,dataset/vqa-rad/train/dataset-0.json,YES,688088,46c3c62e628ae6e11cb7842e33bd5f4ec4e80e2c5c44796699b998a7b5b8b8b6,1793,1793,1793,1793,0,0
vqa-rad,0,test,dataset/vqa-rad/test/dataset-0.json,YES,171534,a5d27500b7dbf327098f69c889e3daf3024978cb367b700bbaff469a7c37f1cf,451,451,451,451,0,0
malaria-microscopy-vqa,0,train,dataset/malaria-microscopy-vqa/train/dataset-0.json,YES,2435587,9b4c8b2052fbefdc216a0ea4cb12ac3b1bff29c81e468a8d0524b72d75a2eddc,4000,4000,4000,4000,0,0
malaria-microscopy-vqa,0,test,dataset/malaria-microscopy-vqa/test/dataset-0.json,YES,597310,1c09d4881878996e014a82cb3bb9132aeda16fc887baf80ca557efeedc410319,1000,1000,1000,1000,0,0
Traffic-VQA,0,train,dataset/Traffic-VQA/train/dataset-0.json,YES,1615694,f16147c3a3513536cdaa4d8ef13cd16bec8a737a1f3c0af02a2fb8c806318640,4000,4000,4000,4000,0,0
Traffic-VQA,0,test,dataset/Traffic-VQA/test/dataset-0.json,YES,400041,94fc6f93c1f85029fb5bb70682e0c8362adef3cc6634aceaedaac83b7dd0e17a,1000,1000,1000,1000,0,0
DocumentVQA,0,train,dataset/DocumentVQA/train/dataset-0.json,YES,1635234,0b77a513b7333386e1bc25fffd17e58ebb1fa93f9e3c50995f533b74475365f2,4000,4000,4000,4000,0,0
DocumentVQA,0,test,dataset/DocumentVQA/test/dataset-0.json,YES,404232,8668046568925301014f20999de971c89d93e06d59746bb665672c174e7eb97f,1000,1000,1000,1000,0,0
malaria-microscopy-vqa,1,train,dataset/malaria-microscopy-vqa/train/dataset-1.json,YES,2420942,dbac19bae069c0e4532dfdda894d341fb727d0611208d6bf38078716d5a36e43,4000,4000,4000,4000,0,0
malaria-microscopy-vqa,1,test,dataset/malaria-microscopy-vqa/test/dataset-1.json,YES,597310,1c09d4881878996e014a82cb3bb9132aeda16fc887baf80ca557efeedc410319,1000,1000,1000,1000,0,0
Traffic-VQA,1,train,dataset/Traffic-VQA/train/dataset-1.json,YES,1615640,7d01fda8ba4aa32a808d46d1c79c72a491d2274a1d4a996446c2f1d2f0260ac1,4000,4000,4000,4000,0,0
Traffic-VQA,1,test,dataset/Traffic-VQA/test/dataset-1.json,YES,400041,94fc6f93c1f85029fb5bb70682e0c8362adef3cc6634aceaedaac83b7dd0e17a,1000,1000,1000,1000,0,0
DocumentVQA,1,train,dataset/DocumentVQA/train/dataset-1.json,YES,1634761,78e63e80a07e4df5890d9777927ebdde8848cd5b83e49df0e0992a9db14f8d84,4000,4000,4000,4000,0,0
DocumentVQA,1,test,dataset/DocumentVQA/test/dataset-1.json,YES,404232,8668046568925301014f20999de971c89d93e06d59746bb665672c174e7eb97f,1000,1000,1000,1000,0,0
ChartQA,0,train,dataset/ChartQA/train/dataset-0.json,YES,1642639,5e99caeca8aaab8355aad8c7ca9055d3cff4ffcaa923d7278d9fc363524ada85,4000,4000,4000,4000,0,0
ChartQA,0,test,dataset/ChartQA/test/dataset-0.json,YES,400899,92973fd6cc40a5206b2d7dfb49509fa17a3476b93a2b185b66bfb5a9f461d067,1000,1000,1000,1000,0,0
malaria-microscopy-vqa,2,train,dataset/malaria-microscopy-vqa/train/dataset-2.json,YES,2402433,838eee039cb8a0ce510d66bd0d3b497e3670b3eeaecdcc67ff1bbde0b595a178,4000,4000,4000,4000,0,0
malaria-microscopy-vqa,2,test,dataset/malaria-microscopy-vqa/test/dataset-2.json,YES,597310,1c09d4881878996e014a82cb3bb9132aeda16fc887baf80ca557efeedc410319,1000,1000,1000,1000,0,0
Traffic-VQA,2,train,dataset/Traffic-VQA/train/dataset-2.json,YES,1615081,656e31d6624dabf391a91c040d255a5f6e3c4048fb6a455e72e25ac1df229c19,4000,4000,4000,4000,0,0
Traffic-VQA,2,test,dataset/Traffic-VQA/test/dataset-2.json,YES,400041,94fc6f93c1f85029fb5bb70682e0c8362adef3cc6634aceaedaac83b7dd0e17a,1000,1000,1000,1000,0,0
DocumentVQA,2,train,dataset/DocumentVQA/train/dataset-2.json,YES,1636605,400152b59a8f65a4b3b366e8e2513a59d1429e4b35781c4a4b07ed50eb00c9c1,4000,4000,4000,4000,0,0
DocumentVQA,2,test,dataset/DocumentVQA/test/dataset-2.json,YES,404232,8668046568925301014f20999de971c89d93e06d59746bb665672c174e7eb97f,1000,1000,1000,1000,0,0
ChartQA,1,train,dataset/ChartQA/train/dataset-1.json,YES,1642322,0a4a5ecadd4eb0e23a5e97687b207981c70dfa895c7add31b8e43bebcfe99d64,4000,4000,4000,4000,0,0
ChartQA,1,test,dataset/ChartQA/test/dataset-1.json,YES,400899,92973fd6cc40a5206b2d7dfb49509fa17a3476b93a2b185b66bfb5a9f461d067,1000,1000,1000,1000,0,0
malaria-microscopy-vqa,3,train,dataset/malaria-microscopy-vqa/train/dataset-3.json,YES,2408723,8ca2c06663dbc74fdba2f68c31df5ca996f80b748892c734c708c95f4329807e,4000,4000,4000,4000,0,0
malaria-microscopy-vqa,3,test,dataset/malaria-microscopy-vqa/test/dataset-3.json,YES,597310,1c09d4881878996e014a82cb3bb9132aeda16fc887baf80ca557efeedc410319,1000,1000,1000,1000,0,0
Traffic-VQA,3,train,dataset/Traffic-VQA/train/dataset-3.json,YES,1615623,81258cc27f85d8e052b2874baaf70a939687aa9748b9193672279b43e75d9e27,4000,4000,4000,4000,0,0
Traffic-VQA,3,test,dataset/Traffic-VQA/test/dataset-3.json,YES,400041,94fc6f93c1f85029fb5bb70682e0c8362adef3cc6634aceaedaac83b7dd0e17a,1000,1000,1000,1000,0,0
DocumentVQA,3,train,dataset/DocumentVQA/train/dataset-3.json,YES,1634928,7624ff31fb5dcc4e663ba41a8523c753f0a505c19d95de1b765f5dfea7a41a7d,4000,4000,4000,4000,0,0
DocumentVQA,3,test,dataset/DocumentVQA/test/dataset-3.json,YES,404232,8668046568925301014f20999de971c89d93e06d59746bb665672c174e7eb97f,1000,1000,1000,1000,0,0
ChartQA,2,train,dataset/ChartQA/train/dataset-2.json,YES,1642056,27ba210696a4e85dc7f69a2c56de1b891800f7f098ac8106c7821af924145b0c,4000,4000,4000,4000,0,0
ChartQA,2,test,dataset/ChartQA/test/dataset-2.json,YES,400899,92973fd6cc40a5206b2d7dfb49509fa17a3476b93a2b185b66bfb5a9f461d067,1000,1000,1000,1000,0,0
Traffic-VQA,4,train,dataset/Traffic-VQA/train/dataset-4.json,YES,1615208,4974efa4725ed8aab674885f16c9e9f796f9b70060f3871005737d44f93b90ef,4000,4000,4000,4000,0,0
Traffic-VQA,4,test,dataset/Traffic-VQA/test/dataset-4.json,YES,400041,94fc6f93c1f85029fb5bb70682e0c8362adef3cc6634aceaedaac83b7dd0e17a,1000,1000,1000,1000,0,0
ChartQA,3,train,dataset/ChartQA/train/dataset-3.json,YES,1640915,1516bc3488d10dbaf7cd6097204c366049c4ad3d7ac07f8e0afd461453e95e0d,4000,4000,4000,4000,0,0
ChartQA,3,test,dataset/ChartQA/test/dataset-3.json,YES,400899,92973fd6cc40a5206b2d7dfb49509fa17a3476b93a2b185b66bfb5a9f461d067,1000,1000,1000,1000,0,0
DrivingVQA,0,train,dataset/DrivingVQA/train/dataset-0.json,YES,1549885,3a40ce2619d7b50b466e74dca3e71bb5f673b62d5780eb278f54c2a937748b85,3142,3142,3142,3142,0,0
DrivingVQA,0,test,dataset/DrivingVQA/test/dataset-0.json,YES,386241,5cd71ce2ab3ca04a93e779105d4fb1fe15e9c34390d66fff8dcd0c4b9c597364,789,789,789,789,0,0
path-vqa,0,train,dataset/path-vqa/train/dataset-0.json,YES,1543707,d2bb72d8e496e7c8ec2af9d64c1fb7e243e13efb10690aa86dac9200456af7d7,4000,4000,4000,4000,0,0
path-vqa,0,test,dataset/path-vqa/test/dataset-0.json,YES,379496,2adfc35edb7c1878033629b5f77feedbb8d27224c1925285cbe43399ab39d1da,1000,1000,1000,1000,0,0
Traffic-VQA,5,train,dataset/Traffic-VQA/train/dataset-5.json,YES,1615536,1f26c458f979fd59a4d3f75dc733b312da344a3c2473660001b3ac1afba4e174,4000,4000,4000,4000,0,0
Traffic-VQA,5,test,dataset/Traffic-VQA/test/dataset-5.json,YES,400041,94fc6f93c1f85029fb5bb70682e0c8362adef3cc6634aceaedaac83b7dd0e17a,1000,1000,1000,1000,0,0
path-vqa,1,train,dataset/path-vqa/train/dataset-1.json,YES,1403618,37c779f7114b251c9b6dd0c520a40ce3871e3c58d69e09bdecc92173a50a21a3,3654,3654,3654,3654,0,0
path-vqa,1,test,dataset/path-vqa/test/dataset-1.json,YES,379496,2adfc35edb7c1878033629b5f77feedbb8d27224c1925285cbe43399ab39d1da,1000,1000,1000,1000,0,0
InfoVQA,0,train,dataset/InfoVQA/train/dataset-0.json,YES,1663904,7cc1d8fc0cb349d301942319b4002b0fcceca64fc73edd64a707db6ac76f5900,4000,4000,4000,4000,0,0
InfoVQA,0,test,dataset/InfoVQA/test/dataset-0.json,YES,405330,dc2889067f248155938dcb8331ebe246d9e0b286f323cde7b1356bcd29e596f1,1000,1000,1000,1000,0,0
InspecSafe-V1,0,train,dataset/InspecSafe-V1/train/dataset-0.json,YES,361265,338b17670b86c4acf82e25b8137d93b733af1f9acf28c5bdeff864b81d749802,500,500,500,500,0,0
InspecSafe-V1,0,test,dataset/InspecSafe-V1/test/dataset-0.json,YES,690576,aab57dbb5e8b48e401a7cb81ebf6a4c8d006155d3e540e9b887e4d2803758864,1000,1000,1000,1000,0,0
Traffic-VQA,6,train,dataset/Traffic-VQA/train/dataset-6.json,YES,1613347,e4e38eb038dd9d8def885b8efff9974be81250cf6cf351c302db99b285954ab6,4000,4000,4000,4000,0,0
Traffic-VQA,6,test,dataset/Traffic-VQA/test/dataset-6.json,YES,400041,94fc6f93c1f85029fb5bb70682e0c8362adef3cc6634aceaedaac83b7dd0e17a,1000,1000,1000,1000,0,0
path-vqa,2,train,dataset/path-vqa/train/dataset-2.json,YES,1591162,654877a87dad352e1f194b757a6126fc75456be0fde6da5db1d4820b5e3692fc,4000,4000,4000,4000,0,0
path-vqa,2,test,dataset/path-vqa/test/dataset-2.json,YES,379496,2adfc35edb7c1878033629b5f77feedbb8d27224c1925285cbe43399ab39d1da,1000,1000,1000,1000,0,0
InfoVQA,1,train,dataset/InfoVQA/train/dataset-1.json,YES,1666747,e49de2013556c562544f675b9f1caac080a41338f798a5e4062f247a351460ce,4000,4000,4000,4000,0,0
InfoVQA,1,test,dataset/InfoVQA/test/dataset-1.json,YES,405330,dc2889067f248155938dcb8331ebe246d9e0b286f323cde7b1356bcd29e596f1,1000,1000,1000,1000,0,0
InspecSafe-V1,1,train,dataset/InspecSafe-V1/train/dataset-1.json,YES,2274921,6a6324ea9c98982db7f59374ac39f4000144339a0eb4b04172697893a9932d88,3263,3263,3263,3263,0,0
InspecSafe-V1,1,test,dataset/InspecSafe-V1/test/dataset-1.json,YES,690576,aab57dbb5e8b48e401a7cb81ebf6a4c8d006155d3e540e9b887e4d2803758864,1000,1000,1000,1000,0,0
path-vqa,3,train,dataset/path-vqa/train/dataset-3.json,YES,1602410,8c9c3b769bd5bdfb235734f27fea4516166e5c64b97106f6ae2c3e88f07fd4ed,4000,4000,4000,4000,0,0
path-vqa,3,test,dataset/path-vqa/test/dataset-3.json,YES,379496,2adfc35edb7c1878033629b5f77feedbb8d27224c1925285cbe43399ab39d1da,1000,1000,1000,1000,0,0
InfoVQA,2,train,dataset/InfoVQA/train/dataset-2.json,YES,1664363,a48bb38ab88717f7e32f1f996bf73ea7e4e7f70b7d014ae7f72a8cf6f2717232,4000,4000,4000,4000,0,0
InfoVQA,2,test,dataset/InfoVQA/test/dataset-2.json,YES,405330,dc2889067f248155938dcb8331ebe246d9e0b286f323cde7b1356bcd29e596f1,1000,1000,1000,1000,0,0
ChemVQA-2K,0,train,dataset/ChemVQA-2K/train/dataset-0.json,YES,1525325,04e8ce996fd9c0cc9347e4f0293a468c46dbc2b34c8389ef1896de46c7d26c67,4000,4000,4000,4000,0,0
ChemVQA-2K,0,test,dataset/ChemVQA-2K/test/dataset-0.json,YES,381968,00f43695f92bfc9b03caedcbd1391a0e34d93bfcd9e5b821fe79ba716fb077e4,1000,1000,1000,1000,0,0
MMAD,0,train,dataset/MMAD/train/dataset-0.json,YES,2075920,4be900fdd5355016c1646dd6b488465bdd4663bfaed181d982bfa348608cbe67,4000,4000,4000,4000,0,0
MMAD,0,test,dataset/MMAD/test/dataset-0.json,YES,524483,fea86ba5db9d09985abbe154355aa2be4c54ae9995632fd3dfd42d47f6e0f355,1000,1000,1000,1000,0,0
path-vqa,4,train,dataset/path-vqa/train/dataset-4.json,YES,1575108,de09a31fd3b0a8a6ba39f37c2762a5c0ba65df96115c296971da39933bf1e4d3,4000,4000,4000,4000,0,0
path-vqa,4,test,dataset/path-vqa/test/dataset-4.json,YES,379496,2adfc35edb7c1878033629b5f77feedbb8d27224c1925285cbe43399ab39d1da,1000,1000,1000,1000,0,0
InfoVQA,3,train,dataset/InfoVQA/train/dataset-3.json,YES,1665823,e4e44c2a1f46f3173f650e5bb75fa26bfd1bbd28a910921de06899c7aaa07b89,4000,4000,4000,4000,0,0
InfoVQA,3,test,dataset/InfoVQA/test/dataset-3.json,YES,405330,dc2889067f248155938dcb8331ebe246d9e0b286f323cde7b1356bcd29e596f1,1000,1000,1000,1000,0,0
ChemVQA-2K,1,train,dataset/ChemVQA-2K/train/dataset-1.json,YES,1278662,ebfa981b698d4c82755df139b8777b5d4486721e17a9045aaf01c7b22a4650a8,3392,3392,3392,3392,0,0
ChemVQA-2K,1,test,dataset/ChemVQA-2K/test/dataset-1.json,YES,381968,00f43695f92bfc9b03caedcbd1391a0e34d93bfcd9e5b821fe79ba716fb077e4,1000,1000,1000,1000,0,0
MMAD,1,train,dataset/MMAD/train/dataset-1.json,YES,2076855,28a1f5b8801cef9a95b8f5b990451c29c7cace6f20e12829fd69fd6c0f6bfedd,4000,4000,4000,4000,0,0
MMAD,1,test,dataset/MMAD/test/dataset-1.json,YES,524483,fea86ba5db9d09985abbe154355aa2be4c54ae9995632fd3dfd42d47f6e0f355,1000,1000,1000,1000,0,0
ChemVQA-2K,2,train,dataset/ChemVQA-2K/train/dataset-2.json,YES,1543877,7782280620248154eaaca753e5f75640b73f8cb33b36870e7b40a68f315bc838,4000,4000,4000,4000,0,0
ChemVQA-2K,2,test,dataset/ChemVQA-2K/test/dataset-2.json,YES,381968,00f43695f92bfc9b03caedcbd1391a0e34d93bfcd9e5b821fe79ba716fb077e4,1000,1000,1000,1000,0,0
ChemVQA-2K,3,train,dataset/ChemVQA-2K/train/dataset-3.json,YES,1520476,dbc096c5f2f7cf2b6d4c0dd0cf94f238bae96383cbacb41371e85bbb4476815f,4000,4000,4000,4000,0,0
ChemVQA-2K,3,test,dataset/ChemVQA-2K/test/dataset-3.json,YES,381968,00f43695f92bfc9b03caedcbd1391a0e34d93bfcd9e5b821fe79ba716fb077e4,1000,1000,1000,1000,0,0
MMAD,2,train,dataset/MMAD/train/dataset-2.json,YES,2085620,fa95fdd4f870a0f3d1f2a0b502f06e5bbf5dec6ff41954b8fcf20681da98d7da,4000,4000,4000,4000,0,0
MMAD,2,test,dataset/MMAD/test/dataset-2.json,YES,524483,fea86ba5db9d09985abbe154355aa2be4c54ae9995632fd3dfd42d47f6e0f355,1000,1000,1000,1000,0,0
MMAD,3,train,dataset/MMAD/train/dataset-3.json,YES,2072775,4678334d1dd78c5a1c696e53c0e923bae69a9b13f0314476c4522f0595f2c112,4000,4000,4000,4000,0,0
MMAD,3,test,dataset/MMAD/test/dataset-3.json,YES,524483,fea86ba5db9d09985abbe154355aa2be4c54ae9995632fd3dfd42d47f6e0f355,1000,1000,1000,1000,0,0
