client_id,stage,round,task_key,dataset,subset_id,domain,answer_type,difficulty,declared_metric,paper_metric,model_id,model_size
0,0,5,vqa-rad-0,vqa-rad,0,medical_microscopy,open-ended,simple,,precision_recall_f1,thkim0305/llama3.2_1B_vl,1B
0,1,10,malaria-microscopy-vqa-0,malaria-microscopy-vqa,0,medical_microscopy,multi-choice,simple,,accuracy,thkim0305/llama3.2_1B_vl,1B
0,2,15,Traffic-VQA-0,Traffic-VQA,0,traffic_driving,open-ended,simple,,precision_recall_f1,thkim0305/llama3.2_1B_vl,1B
0,3,20,DocumentVQA-0,DocumentVQA,0,document_information,open-ended,medium,F1,precision_recall_f1,thkim0305/llama3.2_1B_vl,1B
1,0,5,malaria-microscopy-vqa-1,malaria-microscopy-vqa,1,medical_microscopy,multi-choice,simple,,accuracy,thkim0305/llama3.2_1B_vl,1B
1,1,10,Traffic-VQA-1,Traffic-VQA,1,traffic_driving,open-ended,simple,,precision_recall_f1,thkim0305/llama3.2_1B_vl,1B
1,2,15,DocumentVQA-1,DocumentVQA,1,document_information,open-ended,medium,F1,precision_recall_f1,thkim0305/llama3.2_1B_vl,1B
1,3,20,ChartQA-0,ChartQA,0,chart_reasoning,open-ended,medium,,precision_recall_f1,thkim0305/llama3.2_1B_vl,1B
2,0,5,malaria-microscopy-vqa-2,malaria-microscopy-vqa,2,medical_microscopy,multi-choice,simple,,accuracy,thkim0305/llama3.2_1B_vl,1B
2,1,10,Traffic-VQA-2,Traffic-VQA,2,traffic_driving,open-ended,simple,,precision_recall_f1,thkim0305/llama3.2_1B_vl,1B
2,2,15,DocumentVQA-2,DocumentVQA,2,document_information,open-ended,medium,F1,precision_recall_f1,thkim0305/llama3.2_1B_vl,1B
2,3,20,ChartQA-1,ChartQA,1,chart_reasoning,open-ended,medium,,precision_recall_f1,thkim0305/llama3.2_1B_vl,1B
3,0,5,malaria-microscopy-vqa-3,malaria-microscopy-vqa,3,medical_microscopy,multi-choice,simple,,accuracy,thkim0305/llama3.2_1B_vl,1B
3,1,10,Traffic-VQA-3,Traffic-VQA,3,traffic_driving,open-ended,simple,,precision_recall_f1,thkim0305/llama3.2_1B_vl,1B
3,2,15,DocumentVQA-3,DocumentVQA,3,document_information,open-ended,medium,F1,precision_recall_f1,thkim0305/llama3.2_1B_vl,1B
3,3,20,ChartQA-2,ChartQA,2,chart_reasoning,open-ended,medium,,precision_recall_f1,thkim0305/llama3.2_1B_vl,1B
4,0,5,Traffic-VQA-4,Traffic-VQA,4,traffic_driving,open-ended,simple,,precision_recall_f1,thkim0305/llama3.2_1B_vl,1B
4,1,10,ChartQA-3,ChartQA,3,chart_reasoning,open-ended,medium,,precision_recall_f1,thkim0305/llama3.2_1B_vl,1B
4,2,15,DrivingVQA-0,DrivingVQA,0,traffic_driving,multi-choice,medium,,accuracy,thkim0305/llama3.2_1B_vl,1B
4,3,20,path-vqa-0,path-vqa,0,medical_microscopy,open-ended,complex,,precision_recall_f1,thkim0305/llama3.2_1B_vl,1B
5,0,5,Traffic-VQA-5,Traffic-VQA,5,traffic_driving,open-ended,simple,,precision_recall_f1,thkim0305/llama3.2_1B_vl,1B
5,1,10,path-vqa-1,path-vqa,1,medical_microscopy,open-ended,complex,,precision_recall_f1,thkim0305/llama3.2_1B_vl,1B
5,2,15,InfoVQA-0,InfoVQA,0,document_information,open-ended,complex,F1,precision_recall_f1,thkim0305/llama3.2_1B_vl,1B
5,3,20,InspecSafe-V1-0,InspecSafe-V1,0,industrial_safety_anomaly,open-ended,complex,Rouge-L,precision_recall_f1,thkim0305/llama3.2_1B_vl,1B
6,0,5,Traffic-VQA-6,Traffic-VQA,6,traffic_driving,open-ended,simple,,precision_recall_f1,thkim0305/llama3.2_3B_vl,3B
6,1,10,path-vqa-2,path-vqa,2,medical_microscopy,open-ended,complex,,precision_recall_f1,thkim0305/llama3.2_3B_vl,3B
6,2,15,InfoVQA-1,InfoVQA,1,document_information,open-ended,complex,F1,precision_recall_f1,thkim0305/llama3.2_3B_vl,3B
6,3,20,InspecSafe-V1-1,InspecSafe-V1,1,industrial_safety_anomaly,open-ended,complex,Rouge-L,precision_recall_f1,thkim0305/llama3.2_3B_vl,3B
7,0,5,path-vqa-3,path-vqa,3,medical_microscopy,open-ended,complex,,precision_recall_f1,thkim0305/llama3.2_3B_vl,3B
7,1,10,InfoVQA-2,InfoVQA,2,document_information,open-ended,complex,F1,precision_recall_f1,thkim0305/llama3.2_3B_vl,3B
7,2,15,ChemVQA-2K-0,ChemVQA-2K,0,chemistry_science,open-ended,extreme,,precision_recall_f1,thkim0305/llama3.2_3B_vl,3B
7,3,20,MMAD-0,MMAD,0,industrial_safety_anomaly,multi-choice,extreme,,accuracy,thkim0305/llama3.2_3B_vl,3B
8,0,5,path-vqa-4,path-vqa,4,medical_microscopy,open-ended,complex,,precision_recall_f1,thkim0305/llama3.2_3B_vl,3B
8,1,10,InfoVQA-3,InfoVQA,3,document_information,open-ended,complex,F1,precision_recall_f1,thkim0305/llama3.2_3B_vl,3B
8,2,15,ChemVQA-2K-1,ChemVQA-2K,1,chemistry_science,open-ended,extreme,,precision_recall_f1,thkim0305/llama3.2_3B_vl,3B
8,3,20,MMAD-1,MMAD,1,industrial_safety_anomaly,multi-choice,extreme,,accuracy,thkim0305/llama3.2_3B_vl,3B
9,0,5,ChemVQA-2K-2,ChemVQA-2K,2,chemistry_science,open-ended,extreme,,precision_recall_f1,thkim0305/llama3.2_3B_vl,3B
9,1,10,ChemVQA-2K-3,ChemVQA-2K,3,chemistry_science,open-ended,extreme,,precision_recall_f1,thkim0305/llama3.2_3B_vl,3B
9,2,15,MMAD-2,MMAD,2,industrial_safety_anomaly,multi-choice,extreme,,accuracy,thkim0305/llama3.2_3B_vl,3B
9,3,20,MMAD-3,MMAD,3,industrial_safety_anomaly,multi-choice,extreme,,accuracy,thkim0305/llama3.2_3B_vl,3B
