scenario,client,task,metric,tga,random,delta_pp,sorted_rank,fedmosaic
DRAKE,4,IRFL-1,accuracy,0.703,0.745,-4.0000000000000036,1,0.743
DRAKE,7,iconqa-1,accuracy,0.638,0.667,-0.6000000000000005,2,0.644
DRAKE,9,WCVQA-2,accuracy,0.5791583166332666,0.6072144288577155,-1.4028056112224463,3,0.593186372745491
DRAKE,3,VizWiz-0,accuracy,0.6215139442231076,0.647410358565737,-0.3984063745019917,4,0.6254980079681275
DRAKE,0,MagicBrush-0,accuracy,0.8674242424242424,0.8901515151515151,5.113636363636365,5,0.8162878787878788
DRAKE,2,CIRR-0,accuracy,0.691,0.709,-1.3000000000000012,6,0.704
DRAKE,7,WCVQA-3,accuracy,0.4749498997995992,0.48897795591182364,-0.4008016032064132,7,0.4789579158316633
DRAKE,0,VISION-0,accuracy,0.925,0.939,-2.9999999999999916,8,0.955
DRAKE,4,IRFL-0,accuracy,0.781,0.792,0.30000000000000027,9,0.778
DRAKE,7,TQA-0,accuracy,0.6,0.609,-0.20000000000000018,10,0.602
DRAKE,2,Fashion200K-1,accuracy,0.888,0.895,38.5,11,0.503
DRAKE,8,Co-Instruct-DB-0,accuracy,0.853,0.859,-0.40000000000000036,12,0.857
DRAKE,9,SEED-Bench-2-0,accuracy,0.628,0.634,-0.7000000000000006,13,0.635
DRAKE,6,SEED-Bench-2-1,accuracy,0.6906976744186046,0.6941860465116279,-1.279069767441865,14,0.7034883720930233
DRAKE,8,dvqa-0,accuracy,0.616,0.619,-0.10000000000000009,15,0.617
DRAKE,1,VSR-0,accuracy,0.6726677577741408,0.6751227495908347,0.5728314238952592,16,0.6669394435351882
DRAKE,0,Fashion200K-0,accuracy,0.589,0.591,1.9000000000000017,17,0.57
DRAKE,1,NLVR2-0,accuracy,0.675,0.675,1.7000000000000015,18,0.658
DRAKE,9,iconqa-0,accuracy,0.618,0.617,1.100000000000001,19,0.607
DRAKE,8,WCVQA-1,accuracy,0.503006012024048,0.501002004008016,0.0,20,0.503006012024048
DRAKE,1,Fashion200K-2,accuracy,0.489,0.486,-1.3000000000000012,21,0.502
DRAKE,1,VISION-1,accuracy,0.646,0.643,-0.9000000000000008,22,0.655
DRAKE,2,SEED-Bench-2-2,accuracy,0.758,0.755,0.8000000000000007,23,0.75
DRAKE,2,NLVR2-1,accuracy,0.759,0.754,1.8000000000000016,24,0.741
DRAKE,0,FashionIQ-0,accuracy,0.7245508982035929,0.718562874251497,-0.499001996007975,25,0.7295409181636726
DRAKE,9,Co-Instruct-DB-3,accuracy,0.666,0.66,1.0000000000000009,26,0.656
DRAKE,6,Co-Instruct-DB-2,accuracy,0.806,0.799,-0.8999999999999897,27,0.815
DRAKE,4,COMICS_Dialogue-0,accuracy,0.4525,0.445,-0.16666666666666496,28,0.45416666666666666
DRAKE,4,Bongard-OpenWorld-1,accuracy,0.881,0.873,1.200000000000001,29,0.869
DRAKE,8,iconqa-3,precision_recall_f1,0.6729411764705882,0.6646240867310865,0.8756861832468488,30,0.6641843146381197
DRAKE,7,Co-Instruct-DB-1,accuracy,0.61,0.601,1.6000000000000014,31,0.594
DRAKE,5,Bongard-HOI-2,accuracy,0.677,0.666,3.1000000000000028,32,0.646
DRAKE,5,IRFL-3,accuracy,0.84,0.823076923076923,0.7692307692307665,33,0.8323076923076923
DRAKE,6,WCVQA-0,accuracy,0.48096192384769537,0.46292585170340683,0.4008016032064132,34,0.47695390781563124
DRAKE,3,MIT-States-0,accuracy,0.7071078431372549,0.6801470588235294,3.799019607843146,35,0.6691176470588235
DRAKE,6,iconqa-2,precision_recall_f1,0.6966459627329192,0.6613664596273291,2.086956521739136,36,0.6757763975155279
DRAKE,3,IRFL-2,accuracy,0.828,0.787,-1.200000000000001,37,0.84
DRAKE,5,Bongard-OpenWorld-0,accuracy,0.629,0.576,5.600000000000005,38,0.573
DRAKE,5,Bongard-HOI-0,accuracy,0.743,0.688,-0.6000000000000005,39,0.749
DRAKE,3,Bongard-HOI-1,accuracy,0.773,0.55,12.1,40,0.652
HFLB,2,GQA-30,accuracy,0.7508379888268156,0.7653631284916201,-2.7932960893854775,1,0.7787709497206704
HFLB,2,GQA-31,accuracy,0.868,0.875,-0.6000000000000005,2,0.874
HFLB,6,NLVR2_feddat-3,accuracy,0.748496993987976,0.7545090180360722,-0.6012024048096198,3,0.7545090180360722
HFLB,1,GQA-20,accuracy,0.9679572763684913,0.9732977303070761,-0.1335113484646211,4,0.9692923898531375
HFLB,7,VizWiz-Original-0,accuracy,0.825,0.829,0.40000000000000036,5,0.821
HFLB,7,VizWiz-Original-3,accuracy,0.7831603229527105,0.7866205305651672,1.038062283737029,6,0.7727797001153403
HFLB,8,AQUA-0,accuracy,0.8865131578947368,0.8898026315789473,-0.8223684210526327,7,0.8947368421052632
HFLB,8,AQUA-1,accuracy,0.9055627425614489,0.908150064683053,-0.2587322121604174,8,0.908150064683053
HFLB,6,NLVR2_feddat-2,accuracy,0.7357357357357357,0.7377377377377378,-1.2012012012012074,9,0.7477477477477478
HFLB,0,GQA-10,accuracy,0.736,0.738,0.10000000000000009,10,0.735
HFLB,5,COCOQA-2,accuracy,0.89,0.892,-0.7000000000000006,11,0.897
HFLB,0,GQA-12,accuracy,0.821,0.822,1.3999999999999901,12,0.807
HFLB,5,COCOQA-3,accuracy,0.886,0.887,0.40000000000000036,13,0.882
HFLB,1,GQA-22,accuracy,1.0,1.0,0.0,14,1.0
HFLB,1,GQA-23,accuracy,1.0,1.0,0.0,15,1.0
HFLB,2,GQA-33,accuracy,0.90625,0.90625,6.25,16,0.84375
HFLB,3,Abstract-3,accuracy,0.354,0.354,1.0000000000000009,17,0.344
HFLB,4,SNLI-VE-2,accuracy,0.7416317991631799,0.7416317991631799,-0.9414225941422605,18,0.7510460251046025
HFLB,8,AQUA-3,accuracy,0.8643578643578643,0.862914862914863,-0.28860028860029363,19,0.8672438672438673
HFLB,5,COCOQA-0,accuracy,0.936,0.934,-0.6999999999999895,20,0.943
HFLB,5,COCOQA-1,accuracy,0.884,0.882,0.0,21,0.884
HFLB,7,VizWiz-Original-2,accuracy,0.8375286041189931,0.8352402745995423,-0.11441647597254523,22,0.8386727688787186
HFLB,7,VizWiz-Original-1,accuracy,0.8213367609254498,0.8174807197943444,-1.6709511568123392,23,0.8380462724935732
HFLB,1,GQA-21,accuracy,0.9484126984126984,0.9444444444444444,0.3968253968253954,24,0.9444444444444444
HFLB,3,Abstract-1,accuracy,0.498,0.494,1.100000000000001,25,0.487
HFLB,4,SNLI-VE-0,accuracy,0.737,0.733,-0.7000000000000006,26,0.744
HFLB,4,SNLI-VE-1,accuracy,0.754,0.75,0.10000000000000009,27,0.753
HFLB,0,GQA-11,accuracy,0.778,0.772,0.6000000000000005,28,0.772
HFLB,3,Abstract-0,accuracy,0.666,0.66,0.30000000000000027,29,0.663
HFLB,6,NLVR2_feddat-1,accuracy,0.7677677677677678,0.7597597597597597,0.5005005005005003,30,0.7627627627627628
HFLB,8,AQUA-2,accuracy,0.9457142857142857,0.9371428571428572,1.1428571428571455,31,0.9342857142857143
HFLB,3,Abstract-2,accuracy,0.541,0.532,0.8000000000000007,32,0.533
HFLB,6,NLVR2_feddat-0,accuracy,0.8128128128128128,0.8038038038038038,0.9009009009009028,33,0.8038038038038038
HFLB,0,GQA-13,accuracy,0.9074074074074074,0.8981481481481481,0.92592592592593,34,0.8981481481481481
HFLB,4,SNLI-VE-3,accuracy,0.6720430107526881,0.6612903225806451,0.5376344086021501,35,0.6666666666666666
HFLB,2,GQA-32,accuracy,0.7592592592592593,0.7222222222222222,-1.2345679012345623,36,0.7716049382716049
HSSP,0,malaria-microscopy-vqa-0,accuracy,0.365,0.628,-22.7,1,0.592
HSSP,8,path-vqa-4,precision_recall_f1,0.5098509508309063,0.529621698786581,-0.2348391615883738,2,0.51219934244679
HSSP,4,ChartQA-3,precision_recall_f1,0.5063164893617021,0.5134911438503559,-0.3311664688762761,3,0.5096281540504649
HSSP,6,InspecSafe-V1-1,precision_recall_f1,0.7253898068419827,0.7308351932338777,1.7688457353974396,4,0.7077013494880083
HSSP,5,Traffic-VQA-5,precision_recall_f1,0.6001792917974004,0.6052275799909869,0.3703717405252327,5,0.596475574392148
HSSP,6,path-vqa-2,precision_recall_f1,0.537318590186593,0.5420787784140205,-0.3361121450894178,6,0.5406797116374872
HSSP,0,vqa-rad-0,precision_recall_f1,0.5581395348837209,0.5621541866469937,0.965692940629681,7,0.5484826054774241
HSSP,2,Traffic-VQA-2,precision_recall_f1,0.6037311755450664,0.6073939668859152,-0.15260700177285313,8,0.6052572455627949
HSSP,3,Traffic-VQA-3,precision_recall_f1,0.6013768598711969,0.6045889953218979,0.06654325701742625,9,0.6007114273010227
HSSP,0,DocumentVQA-0,precision_recall_f1,0.3718016774604523,0.37464281934596255,-0.2641116001657673,10,0.37444279346210996
HSSP,2,ChartQA-1,precision_recall_f1,0.49616122840690974,0.49777495232040686,-0.6788859298400396,11,0.5029500877053101
HSSP,1,Traffic-VQA-1,precision_recall_f1,0.6012926231334967,0.6027027027027027,-0.35352713680679715,12,0.6048278945015647
HSSP,8,InfoVQA-3,precision_recall_f1,0.4578839590443687,0.45915570175438597,0.20357264798812613,13,0.4558482325644874
HSSP,7,ChemVQA-2K-0,precision_recall_f1,0.6996658829352803,0.7008420009905894,1.6080837131863701,14,0.6835850458034166
HSSP,6,InfoVQA-1,precision_recall_f1,0.455242266630167,0.4555160142348755,0.031134062825205477,15,0.4549309260019149
HSSP,6,Traffic-VQA-6,precision_recall_f1,0.6021743953849567,0.6023131672597865,0.2618839829401032,16,0.5995555555555556
HSSP,2,malaria-microscopy-vqa-2,accuracy,0.823,0.823,0.0,17,0.823
HSSP,7,MMAD-0,accuracy,0.972,0.972,0.0,18,0.972
HSSP,8,MMAD-1,accuracy,0.972,0.972,0.0,19,0.972
HSSP,9,MMAD-2,accuracy,0.972,0.972,0.0,20,0.972
HSSP,9,MMAD-3,accuracy,0.972,0.972,0.0,21,0.972
HSSP,7,InfoVQA-2,precision_recall_f1,0.452991452991453,0.452433628318584,-0.027570995312931057,22,0.4532671629445823
HSSP,4,DrivingVQA-0,accuracy,0.4385297845373891,0.4372623574144487,-0.5069708491761693,23,0.4435994930291508
HSSP,5,path-vqa-1,precision_recall_f1,0.6179571065067248,0.6152165999271932,-0.31359295013175803,24,0.6210930360080423
HSSP,3,ChartQA-2,precision_recall_f1,0.5013623978201635,0.49814605835885856,-0.46811154755658224,25,0.5060435132957293
HSSP,3,DocumentVQA-3,precision_recall_f1,0.3800971899429537,0.3760828227339953,0.337404988192036,26,0.37672314006103336
HSSP,0,Traffic-VQA-0,precision_recall_f1,0.5956029313790806,0.5915119363395226,0.13904286178699765,27,0.5942125027612106
HSSP,5,InfoVQA-0,precision_recall_f1,0.4251260389698869,0.42022714981070847,1.214668793743845,28,0.4129793510324484
HSSP,4,Traffic-VQA-4,precision_recall_f1,0.613780598368087,0.6077595873514241,0.5730227331432913,29,0.608050371036654
HSSP,1,DocumentVQA-1,precision_recall_f1,0.3889127632144392,0.38254228041462085,0.04856877529256787,30,0.3884270754615135
HSSP,5,InspecSafe-V1-0,precision_recall_f1,0.6765074720451457,0.6701020195711014,-0.22585974742680426,31,0.6787660695194138
HSSP,2,DocumentVQA-2,precision_recall_f1,0.38134048257372655,0.3747966597982865,0.31673430640715705,32,0.378173139509655
HSSP,7,path-vqa-3,precision_recall_f1,0.46472602739726027,0.4566821067078401,0.006923979719214435,33,0.4646567876000681
HSSP,1,ChartQA-0,precision_recall_f1,0.5084142394822007,0.4995112414467254,0.05087790095029687,34,0.5079054604726977
HSSP,3,malaria-microscopy-vqa-3,accuracy,0.833,0.823,1.0000000000000009,35,0.823
HSSP,8,ChemVQA-2K-1,precision_recall_f1,0.6870472682627378,0.6713424387842992,1.417069025072648,36,0.6728765780120113
HSSP,9,ChemVQA-2K-2,precision_recall_f1,0.7066683162192254,0.6844932844932845,-0.08079739642947725,37,0.7074762901835202
HSSP,9,ChemVQA-2K-3,precision_recall_f1,0.7066683162192254,0.6844932844932845,-0.08079739642947725,38,0.7074762901835202
HSSP,4,path-vqa-0,precision_recall_f1,0.5516265912305516,0.47155037410823036,3.471753218026241,39,0.5169090590502892
HSSP,1,malaria-microscopy-vqa-1,accuracy,0.849,0.686,15.600000000000003,40,0.693
